date,vw_ret_d,vw_ret_x,ew_ret_d,ew_ret_x
1/4/16,-0.01519,-0.015417,-0.011915,-0.011994
1/5/16,0.002134,0.002134,0.001891,0.001891
1/6/16,-0.012566,-0.012912,-0.018287,-0.018427
1/7/16,-0.023433,-0.023461,-0.022423,-0.022467
1/8/16,-0.010898,-0.010901,-0.011426,-0.011437
1/11/16,0.001055,0.001055,-0.004062,-0.004062
1/12/16,0.007732,0.007727,0.004798,0.004794
1/13/16,-0.02505,-0.02516,-0.025795,-0.025876
1/14/16,0.016641,0.016622,0.014713,0.014694
1/15/16,-0.021666,-0.021706,-0.019832,-0.019865
1/19/16,0.000584,0.000581,-0.003775,-0.003779
1/20/16,-0.011584,-0.011728,-0.00971,-0.009764
1/21/16,0.0054,0.00537,0.009117,0.009091
1/22/16,0.020313,0.020313,0.020174,0.020174
1/25/16,-0.015346,-0.015354,-0.019801,-0.019828
1/26/16,0.014103,0.014103,0.018964,0.018962
1/27/16,-0.010767,-0.010892,-0.007472,-0.007606
1/28/16,0.005788,0.005698,0.001209,0.000995
1/29/16,0.024522,0.024503,0.028099,0.028053
2/1/16,-0.000353,-0.000382,0.00063,0.000573
2/2/16,-0.018668,-0.018695,-0.022363,-0.022391
2/3/16,0.004892,0.004551,0.010089,0.00995
2/4/16,0.001674,0.001479,0.00605,0.005952
2/5/16,-0.018423,-0.018471,-0.018137,-0.018226
2/8/16,-0.014244,-0.014344,-0.022517,-0.022587
2/9/16,-0.000563,-0.000764,-0.002901,-0.002957
2/10/16,0.000266,-0.00007,0.001178,0.000813
2/11/16,-0.011938,-0.012121,-0.014274,-0.014537
2/12/16,0.019408,0.019302,0.022843,0.022699
2/16/16,0.016836,0.016511,0.021346,0.021246
2/17/16,0.016645,0.016507,0.019631,0.01942
2/18/16,-0.004807,-0.004859,-0.003454,-0.003538
2/19/16,0.000267,0.000127,-0.002053,-0.002101
2/22/16,0.014515,0.014513,0.018816,0.018812
2/23/16,-0.012147,-0.012207,-0.012743,-0.012838
2/24/16,0.004499,0.004449,0.006189,0.006119
2/25/16,0.011663,0.011418,0.011128,0.010962
2/26/16,-0.001762,-0.001878,0.002881,0.002741
2/29/16,-0.008096,-0.008189,-0.007059,-0.007172
3/1/16,0.023751,0.023568,0.022891,0.022636
3/2/16,0.004158,0.003982,0.008148,0.00794
3/3/16,0.003601,0.003493,0.01002,0.009842
3/4/16,0.003277,0.003108,0.005441,0.004997
3/7/16,0.000897,0.00083,0.004844,0.00468
3/8/16,-0.010939,-0.011132,-0.017209,-0.017401
3/9/16,0.00514,0.004927,0.005621,0.005413
3/10/16,0.00021,0.000142,0.000969,0.000833
3/11/16,0.016578,0.016297,0.020682,0.020454
3/14/16,-0.001083,-0.001149,-0.001956,-0.00203
3/15/16,-0.001833,-0.00186,-0.006016,-0.006098
3/16/16,0.00577,0.005686,0.009512,0.009423
3/17/16,0.006394,0.006385,0.009138,0.00911
3/18/16,0.004326,0.004326,0.005498,0.005498
3/21/16,0.001002,0.000997,-0.000285,-0.000299
3/22/16,-0.000759,-0.000905,-0.000828,-0.00093
3/23/16,-0.006336,-0.006338,-0.010042,-0.010051
3/24/16,-0.000324,-0.000328,-0.00099,-0.000996
3/28/16,0.000579,0.000568,0.001641,0.001624
3/29/16,0.008996,0.008794,0.009649,0.009369
3/30/16,0.004496,0.004389,0.003262,0.003139
3/31/16,-0.00203,-0.002031,0.000276,0.000271
4/1/16,0.006388,0.00638,0.003699,0.003668
4/4/16,-0.003057,-0.003268,-0.005797,-0.005876
4/5/16,-0.010146,-0.010148,-0.011357,-0.011362
4/6/16,0.01086,0.010507,0.010568,0.010444
4/7/16,-0.011989,-0.012027,-0.012513,-0.012594
4/8/16,0.002779,0.002767,0.004495,0.004486
4/11/16,-0.002804,-0.002804,-0.001576,-0.001576
4/12/16,0.009759,0.00972,0.01077,0.010758
4/13/16,0.01009,0.009941,0.012994,0.012881
4/14/16,0.000235,0.000135,-0.001894,-0.001918
4/15/16,-0.000877,-0.000877,0.000114,0.000114
4/18/16,0.00664,0.006621,0.006874,0.006854
4/19/16,0.002914,0.002914,0.004674,0.004674
4/20/16,0.00074,0.000684,0.001298,0.001247
4/21/16,-0.00523,-0.005253,-0.005952,-0.005972
4/22/16,0.000019,0.000015,0.005939,0.005926
4/25/16,-0.001657,-0.001657,-0.004316,-0.004318
4/26/16,0.001775,0.001775,0.006587,0.006587
4/27/16,0.00174,0.001666,0.005995,0.005886
4/28/16,-0.009142,-0.009212,-0.01112,-0.011253
4/29/16,-0.004948,-0.004958,-0.00715,-0.007158
5/2/16,0.007958,0.007952,0.006782,0.006766
5/3/16,-0.008675,-0.008702,-0.0106,-0.010634
5/4/16,-0.0056,-0.005814,-0.00678,-0.006908
5/5/16,0.000095,-0.000138,-0.000143,-0.000272
5/6/16,0.003474,0.003339,0.00242,0.002262
5/9/16,0.000921,0.000912,-0.000311,-0.000325
5/10/16,0.012501,0.012481,0.012656,0.01262
5/11/16,-0.009117,-0.009667,-0.010597,-0.010903
5/12/16,0.000048,-0.000048,-0.001577,-0.001736
5/13/16,-0.008524,-0.008599,-0.00862,-0.008677
5/16/16,0.009907,0.009801,0.009957,0.009819
5/17/16,-0.009345,-0.009641,-0.00637,-0.006452
5/18/16,0.000047,-0.000101,-0.002069,-0.002219
5/19/16,-0.003166,-0.003176,-0.003436,-0.003472
5/20/16,0.006168,0.006009,0.008157,0.008096
5/23/16,-0.002063,-0.002096,-0.001634,-0.001709
5/24/16,0.013685,0.013658,0.0139,0.01384
5/25/16,0.006974,0.006897,0.007706,0.007593
5/26/16,-0.000039,-0.000177,-0.000813,-0.001046
5/27/16,0.004409,0.004229,0.005464,0.00526
5/31/16,-0.000821,-0.000879,0.00114,0.001089
6/1/16,0.001266,0.001096,0.001981,0.001782
6/2/16,0.002911,0.002795,0.004509,0.004385
6/3/16,-0.002827,-0.002841,-0.003445,-0.003463
6/6/16,0.004856,0.004831,0.006752,0.006681
6/7/16,0.001246,0.001225,0.003333,0.003297
6/8/16,0.003516,0.0033,0.003395,0.003153
6/9/16,-0.001697,-0.001739,-0.002692,-0.002759
6/10/16,-0.009141,-0.009155,-0.013449,-0.013492
6/13/16,-0.007757,-0.008055,-0.00853,-0.008817
6/14/16,-0.001673,-0.001741,-0.00345,-0.003524
6/15/16,-0.001711,-0.001785,0.000366,0.000301
6/16/16,0.003261,0.0031,0.001016,0.000861
6/17/16,-0.003229,-0.003234,0.00145,0.001444
6/20/16,0.005859,0.005851,0.008086,0.00806
6/21/16,0.002732,0.002647,0.001722,0.001698
6/22/16,-0.001645,-0.001654,-0.001578,-0.001619
6/23/16,0.013333,0.013321,0.014964,0.01494
6/24/16,-0.035723,-0.035723,-0.041088,-0.041088
6/27/16,-0.018012,-0.018012,-0.02658,-0.02658
6/28/16,0.017816,0.017597,0.020614,0.020316
6/29/16,0.017256,0.017125,0.019483,0.019329
6/30/16,0.013529,0.013527,0.015366,0.015361
7/1/16,0.002169,0.001983,0.00333,0.003241
7/5/16,-0.006639,-0.006708,-0.012461,-0.012478
7/6/16,0.005709,0.005371,0.006005,0.005927
7/7/16,-0.000774,-0.000878,0.0005,0.000399
7/8/16,0.015192,0.015188,0.01884,0.018835
7/11/16,0.003447,0.003447,0.004106,0.004106
7/12/16,0.006791,0.006787,0.012047,0.012043
7/13/16,0.000253,0.000157,-0.000475,-0.000553
7/14/16,0.005231,0.005208,0.004665,0.004626
7/15/16,-0.000962,-0.000962,-0.00096,-0.00096
7/18/16,0.002433,0.002394,0.002245,0.002218
7/19/16,-0.001407,-0.001431,-0.002995,-0.003003
7/20/16,0.004373,0.004251,0.004996,0.004941
7/21/16,-0.003588,-0.003603,-0.003326,-0.003338
7/22/16,0.004509,0.004505,0.006012,0.005997
7/25/16,-0.00288,-0.002886,-0.002081,-0.002092
7/26/16,0.000199,0.000169,0.004513,0.004491
7/27/16,-0.001334,-0.001373,-0.005556,-0.00564
7/28/16,0.001742,0.001654,0.002248,0.002115
7/29/16,0.001739,0.001696,0.001274,0.001255
8/1/16,-0.001183,-0.001186,-0.004572,-0.004583
8/2/16,-0.006411,-0.006435,-0.009431,-0.009457
8/3/16,0.003364,0.003061,0.006504,0.006365
8/4/16,0.000503,0.000262,-0.000434,-0.000597
8/5/16,0.008638,0.008616,0.00942,0.009386
8/8/16,-0.000817,-0.000913,-0.000073,-0.000129
8/9/16,0.000379,0.000342,-0.001242,-0.001314
8/10/16,-0.002326,-0.002725,-0.00272,-0.002933
8/11/16,0.004847,0.004718,0.007313,0.007101
8/12/16,-0.000708,-0.000761,-0.00088,-0.000946
8/15/16,0.002835,0.002718,0.005074,0.004968
8/16/16,-0.005339,-0.00551,-0.006146,-0.006212
8/17/16,0.002046,0.001798,0.001311,0.00117
8/18/16,0.002338,0.002312,0.00514,0.005057
8/19/16,-0.001407,-0.001541,0.00007,0.000017
8/22/16,-0.000531,-0.000548,-0.000852,-0.000883
8/23/16,0.001901,0.001873,0.003968,0.003905
8/24/16,-0.005186,-0.005262,-0.006743,-0.006837
8/25/16,-0.001417,-0.001435,-0.000704,-0.000748
8/26/16,-0.001507,-0.001528,-0.002713,-0.002727
8/29/16,0.005327,0.005195,0.005848,0.005691
8/30/16,-0.001856,-0.002018,-0.001881,-0.00202
8/31/16,-0.002113,-0.002297,-0.003663,-0.003864
9/1/16,0.000062,0.000051,-0.000988,-0.000993
9/2/16,0.004168,0.004118,0.005355,0.005301
9/6/16,0.003044,0.003023,0.001629,0.001581
9/7/16,0.000048,-0.00019,0.002385,0.002101
9/8/16,-0.002212,-0.002268,-0.001529,-0.001616
9/9/16,-0.024631,-0.024646,-0.027577,-0.027621
9/12/16,0.01485,0.014792,0.015577,0.015449
9/13/16,-0.014479,-0.014782,-0.016986,-0.0173
9/14/16,-0.000556,-0.000624,-0.00206,-0.002142
9/15/16,0.010268,0.010111,0.010193,0.01008
9/16/16,-0.003711,-0.003721,-0.004219,-0.004246
9/19/16,-0.000096,-0.00011,0.002037,0.00199
9/20/16,0.000339,0.000328,-0.002164,-0.002194
9/21/16,0.01084,0.010829,0.013395,0.013354
9/22/16,0.006607,0.006535,0.007909,0.007784
9/23/16,-0.005616,-0.005616,-0.005429,-0.005429
9/26/16,-0.008566,-0.008648,-0.007478,-0.007498
9/27/16,0.006602,0.006555,0.004799,0.004762
9/28/16,0.005421,0.0052,0.007612,0.0073
9/29/16,-0.009336,-0.009371,-0.008932,-0.008993
9/30/16,0.00802,0.008015,0.0085,0.008486
10/3/16,-0.003092,-0.003214,-0.003231,-0.003305
10/4/16,-0.004863,-0.004953,-0.006385,-0.006412
10/5/16,0.00464,0.004242,0.005793,0.005619
10/6/16,0.000282,0.000256,0.000472,0.000424
10/7/16,-0.003269,-0.003311,-0.005437,-0.005462
10/10/16,0.004571,0.004571,0.00462,0.00462
10/11/16,-0.012473,-0.01248,-0.01481,-0.014818
10/12/16,0.001211,0.001128,0.001501,0.001428
10/13/16,-0.002939,-0.002974,-0.003552,-0.003579
10/14/16,0.000234,0.000233,-0.00072,-0.000721
10/17/16,-0.003031,-0.003057,-0.003587,-0.003608
10/18/16,0.00619,0.00619,0.007137,0.007137
10/19/16,0.002284,0.002144,0.004758,0.004703
10/20/16,-0.001259,-0.001395,-0.001178,-0.001394
10/21/16,0.000169,0.000165,-0.001013,-0.001029
10/24/16,0.004968,0.004962,0.003195,0.003182
10/25/16,-0.003734,-0.003764,-0.006582,-0.006607
10/26/16,-0.001806,-0.001819,-0.000465,-0.000491
10/27/16,-0.002978,-0.003019,-0.005834,-0.005922
10/28/16,-0.003027,-0.003083,-0.000041,-0.000171
10/31/16,0.000017,0.000013,0.001631,0.001622
11/1/16,-0.006804,-0.006814,-0.007968,-0.007988
11/2/16,-0.006457,-0.006591,-0.007624,-0.007705
11/3/16,-0.004079,-0.00443,-0.003055,-0.003215
11/4/16,-0.001766,-0.001791,0.000109,0.000065
11/7/16,0.022186,0.022177,0.02195,0.021925
11/8/16,0.004279,0.003796,0.003382,0.003091
11/9/16,0.010919,0.010852,0.012447,0.012336
11/10/16,0.001676,0.001581,0.006519,0.006376
11/11/16,-0.001388,-0.001388,-0.000313,-0.000313
11/14/16,-0.000078,-0.000217,0.008004,0.007844
11/15/16,0.007828,0.007593,0.007684,0.007577
11/16/16,-0.001269,-0.001541,-0.003763,-0.00394
11/17/16,0.004581,0.004522,0.005045,0.004922
11/18/16,-0.00234,-0.002494,-0.002842,-0.002925
11/21/16,0.007546,0.00753,0.00812,0.008083
11/22/16,0.002337,0.002289,0.002888,0.002822
11/23/16,0.000806,0.000773,0.00265,0.002554
11/25/16,0.003954,0.003931,0.003461,0.003432
11/28/16,-0.00509,-0.005213,-0.005944,-0.006067
11/29/16,0.001574,0.001333,0.000297,0.000121
11/30/16,-0.002682,-0.00291,-0.000351,-0.000528
12/1/16,-0.003684,-0.003721,-0.003913,-0.003971
12/2/16,0.000426,0.000426,0.001035,0.001035
12/5/16,0.005921,0.005821,0.007943,0.007836
12/6/16,0.003436,0.00341,0.004338,0.004309
12/7/16,0.01338,0.013151,0.014231,0.013999
12/8/16,0.002241,0.002119,0.004592,0.004528
12/9/16,0.005862,0.005854,0.00267,0.002654
12/12/16,-0.001109,-0.001166,-0.004477,-0.004563
12/13/16,0.006688,0.006517,0.004433,0.004139
12/14/16,-0.008034,-0.008099,-0.010864,-0.010964
12/15/16,0.00383,0.003785,0.003084,0.00297
12/16/16,-0.001763,-0.001789,-0.001961,-0.002025
12/19/16,0.002005,0.00198,0.00136,0.001274
12/20/16,0.003783,0.003644,0.003532,0.003492
12/21/16,-0.002423,-0.002457,-0.002324,-0.002348
12/22/16,-0.001929,-0.002063,-0.00397,-0.004037
12/23/16,0.001354,0.001259,0.002096,0.002006
12/27/16,0.002297,0.002288,0.003194,0.003179
12/28/16,-0.008145,-0.008319,-0.010167,-0.010421
12/29/16,-0.000246,-0.000295,0.000511,0.000389
12/30/16,-0.004634,-0.004682,-0.003753,-0.003791
1/3/17,0.008524,0.008494,0.008881,0.008873
1/4/17,0.006017,0.005796,0.010369,0.010284
1/5/17,-0.000701,-0.000715,-0.003025,-0.003033
1/6/17,0.003721,0.003425,0.002709,0.002595
1/9/17,-0.003469,-0.003475,-0.005722,-0.005733
1/10/17,-0.000013,-0.00002,0.001324,0.001317
1/11/17,0.002982,0.002894,0.003022,0.002929
1/12/17,-0.002043,-0.002066,-0.00184,-0.001862
1/13/17,0.001778,0.001778,0.001841,0.001841
1/17/17,-0.002746,-0.002746,-0.002091,-0.002091
1/18/17,0.001894,0.001726,0.0027,0.002614
1/19/17,-0.003551,-0.003569,-0.005031,-0.005046
1/20/17,0.003397,0.00337,0.003734,0.003722
1/23/17,-0.002582,-0.002611,-0.003049,-0.003082
1/24/17,0.00661,0.006609,0.009807,0.009805
1/25/17,0.007907,0.007903,0.007606,0.007587
1/26/17,-0.00068,-0.000699,-0.002678,-0.002732
1/27/17,-0.000971,-0.001027,-0.002615,-0.002662
1/30/17,-0.005914,-0.005962,-0.005953,-0.006082
1/31/17,-0.00082,-0.000826,0.000933,0.00092
2/1/17,0.000408,0.000183,-0.002388,-0.002495
2/2/17,0.000709,0.00065,0.001991,0.001939
2/3/17,0.007206,0.007119,0.007439,0.007365
2/6/17,-0.002143,-0.002147,-0.003001,-0.003012
2/7/17,0.000334,0.000291,-0.001496,-0.001552
2/8/17,0.001084,0.000767,0.002356,0.002211
2/9/17,0.005981,0.005806,0.00716,0.007072
2/10/17,0.003575,0.003515,0.005249,0.00517
2/13/17,0.005383,0.005132,0.004108,0.003857
2/14/17,0.004298,0.004022,0.003331,0.003193
2/15/17,0.005146,0.005001,0.004796,0.004626
2/16/17,-0.000909,-0.001009,-0.002596,-0.002737
2/17/17,0.002005,0.001984,0.002228,0.002209
2/21/17,0.006131,0.00613,0.00694,0.006931
2/22/17,-0.001011,-0.001103,-0.002797,-0.002938
2/23/17,0.000395,0.000281,-0.001733,-0.001782
2/24/17,0.001748,0.001517,0.002723,0.002557
2/27/17,0.00103,0.000886,0.001941,0.001777
2/28/17,-0.002684,-0.002715,-0.005014,-0.005074
3/1/17,0.013612,0.013418,0.012355,0.012148
3/2/17,-0.00567,-0.005755,-0.006481,-0.006584
3/3/17,0.000452,0.000424,-0.000483,-0.00053
3/6/17,-0.003245,-0.003265,-0.004568,-0.004619
3/7/17,-0.002858,-0.002922,-0.004815,-0.004851
3/8/17,-0.001883,-0.002221,-0.002579,-0.002908
3/9/17,0.000825,0.000814,-0.000796,-0.000817
3/10/17,0.003283,0.003264,0.003897,0.003825
3/13/17,0.000669,0.000341,0.001683,0.00123
3/14/17,-0.003223,-0.003267,-0.004421,-0.004458
3/15/17,0.008363,0.00833,0.0113,0.011219
3/16/17,-0.001362,-0.001398,-0.002216,-0.002271
3/17/17,-0.001342,-0.001347,-0.000167,-0.000173
3/20/17,-0.002016,-0.002045,-0.002945,-0.003011
3/21/17,-0.012262,-0.012348,-0.013512,-0.013549
3/22/17,0.001926,0.001893,0.002228,0.002181
3/23/17,-0.001041,-0.001053,0.000296,0.000271
3/24/17,-0.000811,-0.000811,-0.000352,-0.000352
3/27/17,-0.000943,-0.000943,-0.001043,-0.001043
3/28/17,0.007258,0.007247,0.008387,0.008375
3/29/17,0.001449,0.001246,0.003169,0.002877
3/30/17,0.002962,0.002928,0.002394,0.002333
3/31/17,-0.002145,-0.002147,-0.000875,-0.00088
4/3/17,-0.001601,-0.00165,-0.004064,-0.004131
4/4/17,0.000741,0.000585,-0.000977,-0.001009
4/5/17,-0.002921,-0.003023,-0.002944,-0.003032
4/6/17,0.002122,0.001836,0.005367,0.00525
4/7/17,-0.000729,-0.000732,-0.001106,-0.001113
4/10/17,0.000785,0.00072,0.002445,0.002404
4/11/17,-0.001251,-0.001392,-0.000023,-0.000153
4/12/17,-0.003692,-0.003706,-0.006096,-0.006112
4/13/17,-0.006767,-0.006771,-0.006908,-0.006918
4/17/17,0.008592,0.008587,0.008598,0.008586
4/18/17,-0.002756,-0.002784,-0.003049,-0.003075
4/19/17,-0.001583,-0.001716,0.000234,0.000175
4/20/17,0.007563,0.007542,0.008431,0.008415
4/21/17,-0.003016,-0.003016,-0.00353,-0.00353
4/24/17,0.010778,0.010759,0.010217,0.010194
4/25/17,0.005989,0.005989,0.005338,0.005338
4/26/17,-0.000463,-0.000476,0.000204,0.000147
4/27/17,0.000718,0.000614,-0.000224,-0.000375
4/28/17,-0.001755,-0.001764,-0.004835,-0.004844
5/1/17,0.001752,0.001749,-0.000576,-0.000584
5/2/17,0.001156,0.001156,0.00125,0.00125
5/3/17,-0.001165,-0.001364,-0.003332,-0.003487
5/4/17,0.000778,0.000723,0.000553,0.000452
5/5/17,0.004036,0.004022,0.006553,0.006528
5/8/17,0.00012,-0.000127,-0.001935,-0.002092
5/9/17,-0.00084,-0.000881,-0.000457,-0.000516
5/10/17,0.001544,0.001131,0.003432,0.00328
5/11/17,-0.001886,-0.002196,-0.004173,-0.004361
5/12/17,-0.001505,-0.001524,-0.004596,-0.004657
5/15/17,0.004893,0.004775,0.006111,0.005991
5/16/17,-0.000532,-0.000728,-0.002905,-0.002968
5/17/17,-0.017765,-0.018071,-0.015878,-0.016129
5/18/17,0.003894,0.003876,0.002684,0.002624
5/19/17,0.006803,0.006778,0.008082,0.008049
5/22/17,0.005194,0.005177,0.005394,0.005369
5/23/17,0.001866,0.001842,-0.000059,-0.00013
5/24/17,0.002619,0.002578,0.001905,0.001808
5/25/17,0.004637,0.004504,0.003724,0.003676
5/26/17,0.000442,0.000315,0.000073,-0.000067
5/30/17,-0.001077,-0.001233,-0.002076,-0.002222
5/31/17,-0.000246,-0.000398,0.000635,0.000454
6/1/17,0.00779,0.007666,0.011059,0.010908
6/2/17,0.003729,0.003714,0.001007,0.000979
6/5/17,-0.001125,-0.001162,-0.002579,-0.002659
6/6/17,-0.002917,-0.00292,-0.003632,-0.003643
6/7/17,0.001804,0.001599,0.000609,0.000329
6/8/17,0.000242,0.000203,0.000991,0.000952
6/9/17,-0.001078,-0.00108,0.004631,0.004626
6/12/17,-0.000905,-0.000978,0.001782,0.001672
6/13/17,0.004788,0.004532,0.005686,0.005404
6/14/17,-0.000869,-0.000939,-0.002349,-0.002449
6/15/17,-0.002126,-0.002305,-0.00213,-0.002228
6/16/17,-0.000004,-0.000012,0.000131,0.000115
6/19/17,0.008362,0.008349,0.006587,0.006544
6/20/17,-0.006614,-0.006624,-0.008661,-0.008685
6/21/17,-0.000311,-0.000395,-0.002824,-0.002897
6/22/17,-0.000292,-0.000303,0.000418,0.000394
6/23/17,0.001557,0.001557,0.002642,0.002642
6/26/17,0.000369,0.000359,0.002978,0.002967
6/27/17,-0.008077,-0.008077,-0.006832,-0.006832
6/28/17,0.008989,0.00879,0.008243,0.007953
6/29/17,-0.008639,-0.008673,-0.007089,-0.007149
6/30/17,0.001448,0.001397,0.002967,0.002925
7/3/17,0.002172,0.002084,0.004668,0.004628
7/5/17,0.001723,0.001185,-0.002062,-0.002774
7/6/17,-0.008985,-0.009336,-0.0111,-0.011252
7/7/17,0.006416,0.006404,0.006468,0.006451
7/10/17,0.000841,0.000841,0.000076,0.000076
7/11/17,-0.000699,-0.000721,-0.000944,-0.000985
7/12/17,0.007441,0.007359,0.007299,0.007215
7/13/17,0.001951,0.001925,0.00272,0.002694
7/14/17,0.00478,0.004764,0.004853,0.004841
7/17/17,-0.000049,-0.00009,0.001259,0.001239
7/18/17,0.00062,0.000599,-0.002245,-0.002259
7/19/17,0.005406,0.005318,0.007132,0.007094
7/20/17,-0.000002,-0.000067,-0.000909,-0.000961
7/21/17,-0.000323,-0.000323,0.000663,0.000663
7/24/17,-0.00093,-0.00095,-0.001829,-0.001855
7/25/17,0.002977,0.002977,0.004517,0.004517
7/26/17,0.000367,0.000366,-0.001791,-0.001801
7/27/17,-0.000869,-0.000979,-0.000695,-0.000808
7/28/17,-0.001417,-0.001454,-0.000984,-0.001075
7/31/17,-0.000852,-0.000857,-0.000802,-0.000813
8/1/17,0.002376,0.002373,0.001005,0.000983
8/2/17,0.000468,0.000275,-0.002997,-0.003071
8/3/17,-0.002013,-0.002195,-0.002493,-0.002673
8/4/17,0.001812,0.001795,0.001578,0.001548
8/7/17,0.001737,0.00171,0.000956,0.000909
8/8/17,-0.002294,-0.002416,-0.002846,-0.002957
8/9/17,-0.000307,-0.000459,-0.001549,-0.001644
8/10/17,-0.014158,-0.014502,-0.014607,-0.014702
8/11/17,0.001418,0.001351,0.000695,0.000583
8/14/17,0.010084,0.010031,0.009209,0.009091
8/15/17,-0.000278,-0.000499,-0.002396,-0.002497
8/16/17,0.001705,0.001402,0.002653,0.002431
8/17/17,-0.015426,-0.015471,-0.015211,-0.015298
8/18/17,-0.001856,-0.00188,-0.002193,-0.002225
8/21/17,0.001212,0.001183,0.000564,0.00051
8/22/17,0.00994,0.009903,0.009409,0.009343
8/23/17,-0.003371,-0.003459,-0.002901,-0.003019
8/24/17,-0.002188,-0.002209,-0.001363,-0.001411
8/25/17,0.001694,0.001584,0.00346,0.00343
8/28/17,0.000432,0.000392,-0.001074,-0.001098
8/29/17,0.001036,0.000898,-0.0009,-0.001032
8/30/17,0.004883,0.004625,0.004679,0.004407
8/31/17,0.00567,0.005572,0.005691,0.005448
9/1/17,0.002032,0.001966,0.003977,0.003881
9/5/17,-0.007371,-0.007371,-0.007119,-0.007119
9/6/17,0.003125,0.003118,0.00361,0.003582
9/7/17,0.000169,-0.000056,-0.000767,-0.001052
9/8/17,-0.001551,-0.001592,0.00078,0.000717
9/11/17,0.010761,0.010746,0.010537,0.010499
9/12/17,0.003469,0.003409,0.003996,0.003857
9/13/17,0.000841,0.000824,0.000477,0.000428
9/14/17,-0.000843,-0.001165,-0.000355,-0.0007
9/15/17,0.001692,0.001568,0.002149,0.00206
9/18/17,0.001354,0.001317,0.001055,0.001008
9/19/17,0.001015,0.001005,-0.001292,-0.00134
9/20/17,0.000675,0.000674,0.001545,0.001541
9/21/17,-0.00302,-0.003051,-0.00209,-0.002171
9/22/17,0.000616,0.000595,0.002164,0.002127
9/25/17,-0.002247,-0.002247,0.001245,0.001245
9/26/17,0.000224,0.000149,0.000748,0.000729
9/27/17,0.004093,0.004093,0.003785,0.003785
9/28/17,0.001397,0.001188,0.000837,0.00056
9/29/17,0.00366,0.003634,0.003589,0.003529
10/2/17,0.003852,0.003847,0.004074,0.00406
10/3/17,0.002259,0.002217,0.001655,0.001604
10/4/17,0.001291,0.001227,0.002699,0.002682
10/5/17,0.00588,0.005706,0.003483,0.003405
10/6/17,-0.000768,-0.001071,-0.001909,-0.002067
10/9/17,-0.001758,-0.001758,-0.003568,-0.003568
10/10/17,0.002565,0.00253,0.002423,0.002415
10/11/17,0.001959,0.001941,0.000251,0.000236
10/12/17,-0.001502,-0.00159,0.000111,-0.000006
10/13/17,0.000898,0.000884,0.001077,0.001066
10/16/17,0.001685,0.001665,0.000264,0.000249
10/17/17,0.000645,0.000645,-0.000048,-0.00005
10/18/17,0.000807,0.00077,0.000877,0.000857
10/19/17,0.000345,0.000265,0.001611,0.001585
10/20/17,0.005192,0.005123,0.006695,0.006625
10/23/17,-0.003903,-0.003925,-0.003877,-0.00389
10/24/17,0.001649,0.001626,0.000926,0.00089
10/25/17,-0.004605,-0.004605,-0.006646,-0.006646
10/26/17,0.001247,0.001247,0.002114,0.002104
10/27/17,0.008374,0.008372,0.001068,0.00106
10/30/17,-0.003219,-0.003299,-0.004349,-0.004439
10/31/17,0.001062,0.001029,0.001319,0.001203
11/1/17,0.001601,0.0016,0.000015,0.000009
11/2/17,0.000333,0.000223,-0.000875,-0.000936
11/3/17,0.003278,0.003182,0.001309,0.001178
11/6/17,0.001301,0.00122,0.004136,0.004072
11/7/17,-0.000092,-0.000097,-0.001432,-0.001441
11/8/17,0.001637,0.001617,0.001507,0.001464
11/9/17,-0.003541,-0.003784,-0.00201,-0.002192
11/10/17,-0.000429,-0.000778,0.000468,0.000354
11/13/17,0.001019,0.001,0.001836,0.001778
11/14/17,-0.002001,-0.002156,-0.000628,-0.000833
11/15/17,-0.005351,-0.005571,-0.005077,-0.005201
11/16/17,0.009226,0.008888,0.008698,0.008471
11/17/17,-0.002675,-0.002711,0.002091,0.002042
11/20/17,0.001258,0.001225,0.001181,0.001108
11/21/17,0.006422,0.006405,0.003553,0.003521
11/22/17,-0.000617,-0.000706,-0.000112,-0.000214
11/24/17,0.002211,0.002177,0.000683,0.000555
11/27/17,-0.00027,-0.000377,-0.000981,-0.001009
11/28/17,0.009686,0.009647,0.011476,0.011445
11/29/17,-0.00028,-0.00041,0.005454,0.005309
11/30/17,0.008424,0.008036,0.007552,0.007167
12/1/17,-0.002015,-0.002059,-0.001919,-0.001974
12/4/17,-0.001111,-0.001135,0.002377,0.002345
12/5/17,-0.00358,-0.003622,-0.006518,-0.006575
12/6/17,-0.000017,-0.000043,-0.00203,-0.002071
12/7/17,0.003135,0.00293,0.004487,0.004274
12/8/17,0.005568,0.005469,0.006532,0.006466
12/11/17,0.00318,0.003176,0.001269,0.001237
12/12/17,0.001538,0.001501,-0.000229,-0.000294
12/13/17,-0.000367,-0.0004,-0.000931,-0.000993
12/14/17,-0.003837,-0.004004,-0.005468,-0.005747
12/15/17,0.008871,0.008816,0.009481,0.009348
12/18/17,0.005425,0.005384,0.007218,0.007183
12/19/17,-0.003125,-0.003139,-0.00302,-0.003073
12/20/17,-0.000778,-0.000907,-0.000131,-0.000181
12/21/17,0.001918,0.001918,0.002376,0.002375
12/22/17,-0.000401,-0.000409,0.000777,0.000756
12/26/17,-0.000854,-0.000898,0.001265,0.001251
12/27/17,0.000805,0.000735,0.000157,0.000086
12/28/17,0.002006,0.001818,0.002615,0.002327
12/29/17,-0.005153,-0.005215,-0.005059,-0.005218
1/2/18,0.008278,0.008232,0.008031,0.007996
1/3/18,0.006438,0.006438,0.005611,0.005605
1/4/18,0.004242,0.00404,0.003066,0.002982
1/5/18,0.007046,0.007046,0.005368,0.005368
1/8/18,0.001809,0.001792,0.003099,0.003079
1/9/18,0.001561,0.001261,-0.000221,-0.000358
1/10/18,-0.001224,-0.001231,-0.00259,-0.002595
1/11/18,0.007104,0.007027,0.009167,0.009095
1/12/18,0.006827,0.006827,0.00616,0.00616
1/16/18,-0.003477,-0.003495,-0.006552,-0.006565
1/17/18,0.009444,0.009444,0.008209,0.008209
1/18/18,-0.001441,-0.001526,-0.002572,-0.002613
1/19/18,0.004494,0.004471,0.00644,0.006419
1/22/18,0.008095,0.008081,0.006991,0.006981
1/23/18,0.002332,0.002292,0.003311,0.003275
1/24/18,-0.000505,-0.000505,0.000154,0.000154
1/25/18,0.000746,0.000744,-0.000624,-0.000635
1/26/18,0.011833,0.011814,0.009575,0.009525
1/29/18,-0.006455,-0.006511,-0.007403,-0.00747
1/30/18,-0.01075,-0.010819,-0.011058,-0.011135
1/31/18,0.000477,0.000446,0.000067,-0.000049
2/1/18,-0.000802,-0.000995,-0.002356,-0.002452
2/2/18,-0.02082,-0.02088,-0.020098,-0.020146
2/5/18,-0.040869,-0.040871,-0.036903,-0.036907
2/6/18,0.017497,0.017393,0.013425,0.013354
2/7/18,-0.00485,-0.004877,-0.002813,-0.002858
2/8/18,-0.037319,-0.037465,-0.034399,-0.034508
2/9/18,0.014951,0.014634,0.013174,0.013083
2/12/18,0.013963,0.013931,0.012975,0.012919
2/13/18,0.002875,0.002823,0.002425,0.002334
2/14/18,0.013778,0.013498,0.01482,0.014607
2/15/18,0.012212,0.011977,0.010408,0.010234
2/16/18,0.000438,0.000346,0.000562,0.000424
2/20/18,-0.006364,-0.006433,-0.006308,-0.006424
2/21/18,-0.005479,-0.005498,-0.006266,-0.006305
2/22/18,0.001099,0.001014,0.000774,0.000636
2/23/18,0.015958,0.015895,0.015604,0.015546
2/26/18,0.011616,0.011497,0.007429,0.007392
2/27/18,-0.012648,-0.012787,-0.013353,-0.013487
2/28/18,-0.010905,-0.011009,-0.010677,-0.010803
3/1/18,-0.013175,-0.013329,-0.010568,-0.010725
3/2/18,0.005148,0.005049,0.006302,0.006115
3/5/18,0.011092,0.011083,0.012116,0.012097
3/6/18,0.002668,0.002611,0.004359,0.004273
3/7/18,-0.000409,-0.000476,-0.00105,-0.0011
3/8/18,0.004787,0.004472,0.00328,0.00296
3/9/18,0.017286,0.017261,0.015777,0.015713
3/12/18,-0.001205,-0.001207,-0.001483,-0.0015
3/13/18,-0.006243,-0.006304,-0.003949,-0.004092
3/14/18,-0.005415,-0.005689,-0.00616,-0.006489
3/15/18,-0.000838,-0.000901,-0.002434,-0.002515
3/16/18,0.001796,0.001764,0.004556,0.004483
3/19/18,-0.014157,-0.014166,-0.011395,-0.01142
3/20/18,0.001355,0.001339,0.00068,0.000635
3/21/18,-0.00178,-0.001885,0.000431,0.00038
3/22/18,-0.025057,-0.025092,-0.022484,-0.022513
3/23/18,-0.020962,-0.020973,-0.018606,-0.018634
3/26/18,0.027133,0.027133,0.023016,0.023016
3/27/18,-0.017408,-0.01741,-0.012084,-0.012087
3/28/18,-0.002816,-0.003059,-0.001119,-0.00156
3/29/18,0.013847,0.013787,0.012828,0.012683
4/2/18,-0.022603,-0.022611,-0.02183,-0.021877
4/3/18,0.012581,0.01254,0.012162,0.01214
4/4/18,0.011636,0.011568,0.011587,0.011571
4/5/18,0.007132,0.006989,0.006706,0.006648
4/6/18,-0.021919,-0.021938,-0.021475,-0.021509
4/9/18,0.003559,0.003264,0.002038,0.001912
4/10/18,0.016597,0.016563,0.014615,0.014565
4/11/18,-0.005493,-0.005536,-0.003944,-0.003967
4/12/18,0.00828,0.008161,0.005576,0.005474
4/13/18,-0.002918,-0.002942,-0.002535,-0.002558
4/16/18,0.008187,0.008154,0.009653,0.009643
4/17/18,0.010819,0.010819,0.007989,0.007989
4/18/18,0.000885,0.000885,0.00266,0.00266
4/19/18,-0.005289,-0.005409,-0.006986,-0.007061
4/20/18,-0.008536,-0.008581,-0.007428,-0.007465
4/23/18,-0.000043,-0.000043,0.001946,0.001946
4/24/18,-0.013428,-0.013453,-0.009841,-0.009884
4/25/18,0.001845,0.001845,0.002654,0.002654
4/26/18,0.010462,0.010462,0.007363,0.007363
4/27/18,0.001203,0.001139,0.003051,0.002933
4/30/18,-0.007996,-0.008028,-0.009077,-0.009183
5/1/18,0.002453,0.002448,0.000911,0.000901
5/2/18,-0.007358,-0.007358,-0.00865,-0.00865
5/3/18,-0.002101,-0.002215,-0.003547,-0.003631
5/4/18,0.012933,0.01276,0.011859,0.011708
5/7/18,0.00338,0.00336,0.001668,0.001608
5/8/18,-0.000218,-0.000229,-0.000618,-0.00064
5/9/18,0.009517,0.009402,0.008331,0.008225
5/10/18,0.009527,0.009268,0.008702,0.008557
5/11/18,0.002117,0.001784,0.001126,0.001039
5/14/18,0.000948,0.000907,0.000319,0.00021
5/15/18,-0.006736,-0.006782,-0.004595,-0.004693
5/16/18,0.004428,0.004158,0.005482,0.00533
5/17/18,-0.000679,-0.000982,0.001001,0.000772
5/18/18,-0.002632,-0.002712,-0.001794,-0.001882
5/21/18,0.007425,0.007394,0.006213,0.006155
5/22/18,-0.003195,-0.003211,-0.003606,-0.003629
5/23/18,0.003406,0.003377,0.002027,0.001977
5/24/18,-0.001959,-0.001996,-0.000375,-0.000467
5/25/18,-0.00217,-0.002284,-0.00155,-0.001601
5/29/18,-0.01146,-0.011502,-0.01117,-0.011205
5/30/18,0.012907,0.012732,0.013064,0.012904
5/31/18,-0.006667,-0.006886,-0.009215,-0.0095
6/1/18,0.010939,0.010843,0.008911,0.008766
6/4/18,0.00478,0.004758,0.00331,0.003297
6/5/18,0.000746,0.000685,0.001867,0.001776
6/6/18,0.008543,0.008509,0.007906,0.00787
6/7/18,-0.000614,-0.000792,0.000731,0.00045
6/8/18,0.003144,0.003102,0.004776,0.004735
6/11/18,0.001203,0.0012,0.002202,0.002197
6/12/18,0.001816,0.001771,0.003126,0.003044
6/13/18,-0.003889,-0.003928,-0.005071,-0.005131
6/14/18,0.002793,0.00249,0.003002,0.002652
6/15/18,-0.000888,-0.000989,0.000362,0.000267
6/18/18,-0.00202,-0.002038,-0.001385,-0.001402
6/19/18,-0.003911,-0.003956,-0.00419,-0.004248
6/20/18,0.001673,0.001672,0.002708,0.002705
6/21/18,-0.006173,-0.006267,-0.005734,-0.00582
6/22/18,0.001881,0.001853,0.002516,0.002467
6/25/18,-0.013621,-0.013621,-0.010932,-0.010932
6/26/18,0.0022,0.0022,0.000947,0.000947
6/27/18,-0.008635,-0.008635,-0.008729,-0.008729
6/28/18,0.006236,0.0061,0.004175,0.003923
6/29/18,0.000819,0.000757,0.000937,0.000809
7/2/18,0.002994,0.00295,0.000519,0.00047
7/3/18,-0.004886,-0.004887,-0.00148,-0.001484
7/5/18,0.008779,0.008541,0.007932,0.007843
7/6/18,0.00851,0.00844,0.007722,0.007683
7/9/18,0.009223,0.008941,0.008275,0.008144
7/10/18,0.003518,0.003495,0.00256,0.002527
7/11/18,-0.006999,-0.006999,-0.008332,-0.008333
7/12/18,0.008888,0.008784,0.0057,0.005604
7/13/18,0.001186,0.001182,0.001139,0.001129
7/16/18,-0.000954,-0.001007,-0.003138,-0.003162
7/17/18,0.004152,0.004137,0.003554,0.003541
7/18/18,0.001869,0.001869,0.002583,0.002583
7/19/18,-0.00389,-0.00399,-0.000373,-0.000429
7/20/18,-0.000864,-0.000905,-0.003439,-0.003485
7/23/18,0.001797,0.001797,0.000485,0.000485
7/24/18,0.004859,0.004811,-0.000597,-0.000641
7/25/18,0.009146,0.009136,0.008405,0.008392
7/26/18,-0.003051,-0.003051,0.003907,0.003907
7/27/18,-0.006494,-0.006497,-0.005815,-0.005829
7/30/18,-0.005769,-0.005855,-0.00424,-0.004342
7/31/18,0.004808,0.004772,0.0072,0.007081
8/1/18,-0.001194,-0.001194,-0.006718,-0.006718
8/2/18,0.00509,0.004988,0.004112,0.004032
8/3/18,0.004861,0.004733,0.005022,0.004862
8/6/18,0.003469,0.003375,0.002426,0.002341
8/7/18,0.002771,0.002763,0.002182,0.002162
8/8/18,-0.000208,-0.000236,-0.001751,-0.001795
8/9/18,-0.001117,-0.001413,-0.001102,-0.001248
8/10/18,-0.006687,-0.006974,-0.00727,-0.007315
8/13/18,-0.003947,-0.003965,-0.004722,-0.004778
8/14/18,0.00662,0.006532,0.008319,0.008173
8/15/18,-0.007539,-0.007714,-0.007326,-0.007452
8/16/18,0.00863,0.00832,0.008248,0.007999
8/17/18,0.00334,0.003257,0.005216,0.005129
8/20/18,0.002357,0.00232,0.0048,0.00474
8/21/18,0.002052,0.002014,0.003219,0.00314
8/22/18,-0.000295,-0.000323,-0.002186,-0.002237
8/23/18,-0.001718,-0.001782,-0.002738,-0.002845
8/24/18,0.006145,0.006134,0.005352,0.005326
8/27/18,0.007753,0.007641,0.006188,0.006146
8/28/18,0.000302,0.000296,0.000547,0.000528
8/29/18,0.005908,0.005823,0.003954,0.003918
8/30/18,-0.004273,-0.004436,-0.006628,-0.006883
8/31/18,0.000257,0.000152,0.000621,0.000467
9/4/18,-0.001553,-0.001641,-0.001892,-0.001977
9/5/18,-0.002925,-0.002933,0.000535,0.000509
9/6/18,-0.003484,-0.003779,-0.002659,-0.002918
9/7/18,-0.002198,-0.00228,-0.003534,-0.003648
9/10/18,0.001961,0.001961,0.003787,0.003787
9/11/18,0.003861,0.003794,0.000878,0.000719
9/12/18,0.000385,0.000374,0.001665,0.001645
9/13/18,0.005413,0.00515,0.004226,0.003914
9/14/18,0.000355,0.000208,0.001524,0.001358
9/17/18,-0.005689,-0.005704,-0.003424,-0.003471
9/18/18,0.005377,0.005337,0.004573,0.004518
9/19/18,0.001158,0.001154,0.000342,0.00033
9/20/18,0.007913,0.007869,0.006612,0.006519
9/21/18,-0.000432,-0.000453,0.001151,0.001095
9/24/18,-0.003476,-0.003476,-0.007172,-0.007172
9/25/18,-0.001081,-0.001151,-0.002895,-0.002923
9/26/18,-0.003269,-0.003269,-0.003835,-0.003835
9/27/18,0.002975,0.002789,0.000259,-0.000046
9/28/18,-0.000004,-0.000046,0.001706,0.001611
10/1/18,0.00358,0.003573,0.000334,0.000297
10/2/18,-0.000503,-0.000537,-0.001853,-0.001863
10/3/18,0.000547,0.000547,0.000398,0.000398
10/4/18,-0.008027,-0.008257,-0.007051,-0.007142
10/5/18,-0.005596,-0.005611,-0.004915,-0.004931
10/8/18,-0.000374,-0.000374,0.001144,0.001144
10/9/18,-0.001132,-0.001415,-0.004831,-0.004972
10/10/18,-0.03281,-0.032818,-0.029065,-0.029075
10/11/18,-0.020415,-0.020421,-0.021357,-0.021382
10/12/18,0.014451,0.014347,0.009395,0.009331
10/15/18,-0.005826,-0.005856,-0.000588,-0.000596
10/16/18,0.021537,0.02151,0.020099,0.020068
10/17/18,-0.000107,-0.000145,-0.002444,-0.002462
10/18/18,-0.014414,-0.014505,-0.013108,-0.013164
10/19/18,-0.000223,-0.000253,-0.002782,-0.002815
10/22/18,-0.004162,-0.004186,-0.006501,-0.006536
10/23/18,-0.005335,-0.005384,-0.006116,-0.00616
10/24/18,-0.030793,-0.030793,-0.027541,-0.027541
10/25/18,0.018863,0.018863,0.013873,0.013873
10/26/18,-0.017528,-0.017531,-0.015647,-0.015661
10/29/18,-0.006758,-0.006771,-0.000919,-0.000937
10/30/18,0.015768,0.015675,0.020892,0.02077
10/31/18,0.010898,0.010865,0.006722,0.0066
11/1/18,0.010772,0.010745,0.015692,0.015644
11/2/18,-0.006303,-0.00639,-0.003724,-0.003844
11/5/18,0.005278,0.005253,0.007173,0.007142
11/6/18,0.006261,0.006183,0.00692,0.006866
11/7/18,0.021376,0.021367,0.015905,0.015871
11/8/18,-0.001915,-0.002444,-0.001785,-0.002102
11/9/18,-0.008872,-0.009038,-0.008544,-0.008634
11/12/18,-0.01973,-0.01973,-0.016129,-0.016129
11/13/18,-0.001557,-0.001589,-0.000453,-0.000532
11/14/18,-0.007426,-0.007681,-0.006364,-0.006523
11/15/18,0.010784,0.010453,0.008696,0.008438
11/16/18,0.002068,0.001993,0.003454,0.003369
11/19/18,-0.016794,-0.016822,-0.014038,-0.014097
11/20/18,-0.017964,-0.018038,-0.016824,-0.016976
11/21/18,0.00322,0.003136,0.006587,0.006445
11/23/18,-0.006254,-0.006309,-0.003504,-0.003632
11/26/18,0.015662,0.015547,0.014462,0.01442
11/27/18,0.003142,0.003133,0.000144,0.000122
11/28/18,0.023219,0.023156,0.018891,0.018852
11/29/18,-0.002023,-0.00227,-0.003102,-0.003363
11/30/18,0.008354,0.008178,0.005731,0.005525
12/3/18,0.011168,0.011167,0.011049,0.011039
12/4/18,-0.032406,-0.03246,-0.031837,-0.031912
12/6/18,-0.001166,-0.001517,-0.002856,-0.003132
12/7/18,-0.023289,-0.023445,-0.02167,-0.021816
12/10/18,0.001836,0.001828,-0.002208,-0.002229
12/11/18,-0.000315,-0.000366,-0.001567,-0.001661
12/12/18,0.005438,0.005427,0.005614,0.005599
12/13/18,-0.000162,-0.000345,-0.005048,-0.005403
12/14/18,-0.018966,-0.019079,-0.01475,-0.01493
12/17/18,-0.020806,-0.020862,-0.021192,-0.021271
12/18/18,0.000361,0.0003,-0.00143,-0.001497
12/19/18,-0.015413,-0.015507,-0.01538,-0.01544
12/20/18,-0.015962,-0.015984,-0.016404,-0.016432
12/21/18,-0.020924,-0.020924,-0.018704,-0.018704
12/24/18,-0.026912,-0.026983,-0.026481,-0.026513
12/26/18,0.049762,0.049744,0.045981,0.04597
12/27/18,0.008541,0.00845,0.008352,0.008233
12/28/18,-0.00105,-0.001216,-0.002121,-0.002408
12/31/18,0.008649,0.008523,0.008061,0.007837
1/2/19,0.001449,0.001447,0.000769,0.00076
1/3/19,-0.024185,-0.024437,-0.018846,-0.01894
1/4/19,0.034411,0.034411,0.033484,0.033484
1/7/19,0.007184,0.007181,0.010321,0.010315
1/8/19,0.009812,0.009786,0.010784,0.010738
1/9/19,0.004378,0.004071,0.00686,0.006736
1/10/19,0.004437,0.004435,0.00639,0.006383
1/11/19,-0.000186,-0.00019,0.001122,0.001113
1/14/19,-0.005098,-0.005205,-0.005431,-0.005505
1/15/19,0.010897,0.010867,0.00704,0.007032
1/16/19,0.002342,0.002317,0.002516,0.002496
1/17/19,0.007688,0.007592,0.008914,0.008869
1/18/19,0.013054,0.013028,0.015169,0.01514
1/22/19,-0.014128,-0.014165,-0.013814,-0.013849
1/23/19,0.00224,0.002238,-0.000119,-0.000124
1/24/19,0.001365,0.001335,0.005043,0.005018
1/25/19,0.008474,0.008439,0.010686,0.010613
1/28/19,-0.007767,-0.007767,-0.004054,-0.004054
1/29/19,-0.001588,-0.001602,0.00141,0.00138
1/30/19,0.015589,0.015471,0.010975,0.010829
1/31/19,0.009047,0.008829,0.006965,0.006792
2/1/19,0.000532,0.000405,0.00266,0.002533
2/4/19,0.006822,0.006805,0.005243,0.005224
2/5/19,0.004871,0.004863,0.004181,0.004164
2/6/19,-0.00218,-0.002272,-0.001293,-0.001353
2/7/19,-0.009075,-0.009219,-0.0069,-0.007
2/8/19,0.000911,0.000582,0.001842,0.001746
2/11/19,0.000711,0.000701,0.002648,0.00263
2/12/19,0.013018,0.01295,0.012302,0.012224
2/13/19,0.003121,0.003042,0.004325,0.004173
2/14/19,-0.002304,-0.002648,-0.002097,-0.00236
2/15/19,0.010844,0.010769,0.010967,0.010822
2/19/19,0.001752,0.001681,0.002134,0.002048
2/20/19,0.001832,0.001644,0.003118,0.002993
2/21/19,-0.003445,-0.003535,-0.003797,-0.003986
2/22/19,0.006174,0.006143,0.005487,0.005401
2/25/19,0.001318,0.001182,-0.000163,-0.000208
2/26/19,-0.000786,-0.000798,-0.002483,-0.002509
2/27/19,-0.000339,-0.000489,0.000148,-0.000022
2/28/19,-0.00231,-0.002608,-0.002067,-0.002367
3/1/19,0.006898,0.006842,0.006752,0.006628
3/4/19,-0.003768,-0.003794,-0.004966,-0.00503
3/5/19,-0.001059,-0.001095,-0.002824,-0.002878
3/6/19,-0.006534,-0.006581,-0.008777,-0.008852
3/7/19,-0.008,-0.008218,-0.007625,-0.007935
3/8/19,-0.002004,-0.002097,-0.003055,-0.003155
3/11/19,0.014628,0.014615,0.013251,0.013203
3/12/19,0.002939,0.002895,0.002992,0.002886
3/13/19,0.007003,0.006934,0.006256,0.006206
3/14/19,-0.000529,-0.000895,-0.001331,-0.001761
3/15/19,0.004991,0.004951,0.003357,0.003268
3/18/19,0.003872,0.003862,0.004569,0.004548
3/19/19,0.000037,0.000006,-0.002001,-0.002096
3/20/19,-0.002928,-0.002971,-0.006961,-0.006981
3/21/19,0.010964,0.010912,0.012682,0.012644
3/22/19,-0.018962,-0.019034,-0.020424,-0.020478
3/25/19,-0.000717,-0.00079,0.000189,0.000164
3/26/19,0.00709,0.007088,0.008604,0.008598
3/27/19,-0.004685,-0.004697,-0.003167,-0.003183
3/28/19,0.003732,0.003572,0.005374,0.005067
3/29/19,0.006741,0.006696,0.006388,0.006295
4/1/19,0.011517,0.01151,0.012634,0.0126
4/2/19,0.000073,0.000035,-0.000738,-0.000749
4/3/19,0.002156,0.002156,0.002787,0.002787
4/4/19,0.002351,0.002128,0.003549,0.003465
4/5/19,0.004658,0.004651,0.006807,0.006786
4/8/19,0.001107,0.001087,0.000279,0.000256
4/9/19,-0.005806,-0.0061,-0.008208,-0.008343
4/10/19,0.003639,0.003546,0.005388,0.005337
4/11/19,0.000029,0.000016,0.001212,0.001194
4/12/19,0.006635,0.006537,0.008173,0.008104
4/15/19,-0.000535,-0.000558,-0.002535,-0.002553
4/16/19,0.000547,0.000529,-0.000387,-0.000435
4/17/19,-0.002107,-0.002202,-0.005721,-0.005772
4/18/19,0.001579,0.001555,0.002133,0.002107
4/22/19,0.001037,0.001011,-0.002696,-0.002714
4/23/19,0.008963,0.008914,0.009576,0.00951
4/24/19,-0.002133,-0.002134,-0.000097,-0.000101
4/25/19,-0.000425,-0.000425,-0.005329,-0.005329
4/26/19,0.004754,0.004724,0.006174,0.006113
4/29/19,0.001062,0.001008,0.00006,-0.000027
4/30/19,0.000885,0.000859,0.003208,0.003113
5/1/19,-0.007579,-0.007588,-0.009997,-0.010009
5/2/19,-0.002055,-0.002096,-0.000138,-0.000198
5/3/19,0.009847,0.009752,0.008978,0.008875
5/6/19,-0.004217,-0.004296,-0.00477,-0.004818
5/7/19,-0.016479,-0.016488,-0.01592,-0.015966
5/8/19,-0.001591,-0.001618,-0.001776,-0.001811
5/9/19,-0.002655,-0.003034,-0.000968,-0.00116
5/10/19,0.004079,0.003744,0.003807,0.003673
5/13/19,-0.024222,-0.024261,-0.0245,-0.024582
5/14/19,0.008204,0.008091,0.009539,0.009345
5/15/19,0.006106,0.005915,0.002925,0.002821
5/16/19,0.009243,0.008954,0.006615,0.006416
5/17/19,-0.005822,-0.005925,-0.006427,-0.006573
5/20/19,-0.006675,-0.006692,-0.006069,-0.006138
5/21/19,0.008451,0.008425,0.011057,0.011013
5/22/19,-0.002695,-0.002713,-0.005097,-0.005132
5/23/19,-0.011892,-0.011998,-0.012484,-0.012618
5/24/19,0.001547,0.001404,0.001641,0.001532
5/28/19,-0.008258,-0.008267,-0.010406,-0.010425
5/29/19,-0.00688,-0.006907,-0.007126,-0.007197
5/30/19,0.002145,0.002005,0.000913,0.000669
5/31/19,-0.013026,-0.013224,-0.01143,-0.011742
6/3/19,-0.003838,-0.003849,0.00534,0.005319
6/4/19,0.021459,0.02141,0.022858,0.022756
6/5/19,0.008292,0.008167,0.007221,0.007136
6/6/19,0.006412,0.006142,0.004178,0.0039
6/7/19,0.010716,0.010619,0.006808,0.006657
6/10/19,0.00489,0.004887,0.003575,0.00357
6/11/19,-0.00033,-0.000381,-0.000711,-0.000818
6/12/19,-0.001926,-0.001945,-0.001869,-0.001897
6/13/19,0.004364,0.004069,0.006673,0.006289
6/14/19,-0.001489,-0.001621,-0.003265,-0.003412
6/17/19,0.000955,0.000947,-0.000691,-0.000701
6/18/19,0.009654,0.009624,0.010024,0.009972
6/19/19,0.002994,0.002991,0.00382,0.003806
6/20/19,0.009615,0.009525,0.009185,0.009104
6/21/19,-0.001173,-0.001234,-0.002182,-0.002231
6/24/19,-0.001748,-0.001748,-0.004249,-0.004249
6/25/19,-0.009528,-0.009528,-0.006384,-0.006384
6/26/19,-0.001157,-0.001157,-0.001902,-0.001902
6/27/19,0.003914,0.003761,0.006629,0.006337
6/28/19,0.005759,0.005712,0.009109,0.009012
7/1/19,0.007701,0.007695,0.006429,0.006395
7/2/19,0.003009,0.002971,-0.000053,-0.000063
7/3/19,0.007925,0.007689,0.008904,0.008797
7/5/19,-0.001645,-0.001749,-0.001135,-0.001196
7/8/19,-0.004766,-0.004782,-0.005489,-0.005496
7/9/19,0.00161,0.001327,-0.000267,-0.000415
7/10/19,0.004575,0.004565,0.00112,0.00111
7/11/19,0.002276,0.00227,0.00195,0.001927
7/12/19,0.004736,0.004641,0.007327,0.007255
7/15/19,0.000259,0.000259,-0.001023,-0.001023
7/16/19,-0.003349,-0.003386,-0.001495,-0.001509
7/17/19,-0.006408,-0.006422,-0.008575,-0.008587
7/18/19,0.003601,0.003502,0.003979,0.003918
7/19/19,-0.006124,-0.006164,-0.004543,-0.004589
7/22/19,0.002845,0.002822,-0.000063,-0.000093
7/23/19,0.006862,0.006845,0.009016,0.009006
7/24/19,0.004685,0.004643,0.006575,0.006527
7/25/19,-0.005342,-0.005346,-0.00658,-0.006595
7/26/19,0.007469,0.007455,0.00526,0.00523
7/29/19,-0.001819,-0.001822,-0.002448,-0.002462
7/30/19,-0.0025,-0.002603,0.000181,0.000044
7/31/19,-0.010922,-0.01095,-0.009469,-0.009559
8/1/19,-0.008869,-0.008965,-0.012941,-0.013002
8/2/19,-0.007262,-0.007349,-0.007734,-0.007848
8/5/19,-0.029815,-0.029861,-0.028582,-0.028647
8/6/19,0.013058,0.012984,0.010907,0.010854
8/7/19,0.000913,0.000886,0.001423,0.00138
8/8/19,0.018936,0.018645,0.018217,0.018075
8/9/19,-0.00657,-0.006728,-0.009072,-0.009166
8/12/19,-0.011969,-0.012135,-0.013427,-0.013503
8/13/19,0.014964,0.014928,0.012651,0.012593
8/14/19,-0.028994,-0.029275,-0.030973,-0.03122
8/15/19,0.003009,0.002756,0.000036,-0.000247
8/16/19,0.014498,0.014337,0.01586,0.015715
8/19/19,0.012123,0.012064,0.012304,0.012204
8/20/19,-0.007905,-0.007986,-0.008738,-0.008869
8/21/19,0.008248,0.008207,0.008211,0.008106
8/22/19,-0.000517,-0.000546,0.000593,0.000499
8/23/19,-0.025935,-0.025942,-0.027206,-0.027238
8/26/19,0.011102,0.010984,0.008668,0.008614
8/27/19,-0.003152,-0.003159,-0.00547,-0.005486
8/28/19,0.006525,0.00649,0.008819,0.008781
8/29/19,0.012822,0.012653,0.013795,0.01346
8/30/19,0.000769,0.000633,0.001751,0.001594
9/3/19,-0.006681,-0.006751,-0.00732,-0.007491
9/4/19,0.010909,0.010823,0.011682,0.011629
9/5/19,0.013217,0.012985,0.015427,0.01519
9/6/19,0.000882,0.000843,0.002442,0.00237
9/9/19,0.000104,0.000027,0.006539,0.006427
9/10/19,0.000303,0.000269,0.006129,0.006008
9/11/19,0.007254,0.007203,0.007814,0.007771
9/12/19,0.003021,0.002872,0.000606,0.000301
9/13/19,-0.000472,-0.000748,0.000959,0.000715
9/16/19,-0.003194,-0.003224,0.000986,0.000924
9/17/19,0.002621,0.002616,-0.000378,-0.000394
9/18/19,0.000336,0.000331,-0.001371,-0.001385
9/19/19,0.000141,0.000082,-0.002682,-0.002781
9/20/19,-0.004882,-0.004929,-0.003876,-0.003922
9/23/19,-0.000063,-0.000063,0.000575,0.000575
9/24/19,-0.008351,-0.00843,-0.008101,-0.008162
9/25/19,0.006205,0.006205,0.005734,0.005734
9/26/19,-0.002448,-0.002507,-0.002482,-0.002543
9/27/19,-0.005145,-0.00529,-0.003521,-0.003773
9/30/19,0.005126,0.005073,0.0048,0.004691
10/1/19,-0.01223,-0.012271,-0.015606,-0.015641
10/2/19,-0.017947,-0.017947,-0.018883,-0.018883
10/3/19,0.008108,0.007867,0.007031,0.006911
10/4/19,0.014223,0.014218,0.011361,0.011351
10/7/19,-0.004477,-0.004481,-0.005026,-0.005029
10/8/19,-0.015368,-0.015394,-0.017659,-0.0177
10/9/19,0.009412,0.009097,0.008629,0.008494
10/10/19,0.006456,0.006434,0.007495,0.007468
10/11/19,0.011091,0.010999,0.01484,0.014778
10/14/19,-0.001421,-0.001421,-0.002331,-0.002331
10/15/19,0.009907,0.009906,0.008767,0.008761
10/16/19,-0.001846,-0.001909,-0.00183,-0.001878
10/17/19,0.002889,0.002815,0.003501,0.003476
10/18/19,-0.003943,-0.00397,-0.001151,-0.001176
10/21/19,0.006919,0.00689,0.0076,0.007543
10/22/19,-0.003536,-0.003566,0.000713,0.000691
10/23/19,0.002861,0.002825,0.003099,0.003069
10/24/19,0.001989,0.001984,0.00045,0.000438
10/25/19,0.003951,0.003935,0.00327,0.003227
10/28/19,0.005625,0.005625,0.003108,0.003108
10/29/19,-0.000959,-0.000971,0.002255,0.002222
10/30/19,0.003366,0.003278,-0.000089,-0.00021
10/31/19,-0.002915,-0.002978,-0.005331,-0.005448
11/1/19,0.009649,0.009565,0.012707,0.012574
11/4/19,0.003707,0.003692,0.005597,0.005579
11/5/19,-0.001142,-0.001148,-0.000111,-0.000136
11/6/19,0.000823,0.000754,-0.00061,-0.000665
11/7/19,0.003209,0.002741,0.002412,0.002106
11/8/19,0.002693,0.002516,0.00205,0.001905
11/11/19,-0.002018,-0.002018,-0.002368,-0.002368
11/12/19,0.00155,0.0015,0.000406,0.00035
11/13/19,0.000776,0.000741,-0.001029,-0.001119
11/14/19,0.001042,0.000786,0.002269,0.001979
11/15/19,0.007663,0.007487,0.007474,0.007351
11/18/19,0.000594,0.000578,-0.001018,-0.001081
11/19/19,-0.000506,-0.00058,-0.000897,-0.001202
11/20/19,-0.003602,-0.003791,-0.003732,-0.003831
11/21/19,-0.001557,-0.001618,-0.002446,-0.002556
11/22/19,0.002199,0.002187,0.00373,0.003676
11/25/19,0.00765,0.007535,0.008628,0.008582
11/26/19,0.002265,0.002239,0.001869,0.001762
11/27/19,0.004273,0.004156,0.004279,0.004121
11/29/19,-0.003796,-0.004028,-0.004847,-0.005123
12/2/19,-0.008588,-0.00862,-0.008306,-0.008362
12/3/19,-0.006563,-0.006595,-0.008242,-0.008301
12/4/19,0.006336,0.006233,0.0078,0.007729
12/5/19,0.001732,0.001427,0.001703,0.001449
12/6/19,0.009108,0.009062,0.009213,0.009175
12/9/19,-0.003052,-0.003133,-0.002454,-0.002577
12/10/19,-0.001121,-0.001155,-0.00124,-0.001328
12/11/19,0.00293,0.00292,0.002603,0.002591
12/12/19,0.008631,0.008492,0.010665,0.010398
12/13/19,0.000214,0.000045,-0.002659,-0.002861
12/16/19,0.007038,0.006997,0.006493,0.006429
12/17/19,0.000398,0.000391,0.000407,0.000382
12/18/19,-0.000345,-0.000427,0.001461,0.001411
12/19/19,0.004534,0.00447,0.003453,0.003324
12/20/19,0.004896,0.004846,0.00575,0.005728
12/23/19,0.000897,0.000897,0.000388,0.000388
12/24/19,-0.000132,-0.000202,0.000243,0.000177
12/26/19,0.005385,0.005296,0.002328,0.002241
12/27/19,0.000028,-0.000062,-0.00083,-0.001018
12/30/19,-0.005631,-0.005763,-0.004008,-0.004245
12/31/19,0.002954,0.002891,0.004,0.003817
1/2/20,0.00857,0.008448,0.002739,0.002659
1/3/20,-0.00695,-0.00705,-0.005536,-0.005549
1/6/20,0.003566,0.003563,0.001287,0.001283
1/7/20,-0.002669,-0.002768,-0.001031,-0.00115
1/8/20,0.004827,0.004783,0.002815,0.0028
1/9/20,0.006939,0.006685,0.004566,0.004448
1/10/20,-0.002841,-0.002845,-0.002888,-0.002898
1/13/20,0.006957,0.006954,0.006405,0.006396
1/14/20,-0.001388,-0.00148,0.001809,0.001746
1/15/20,0.001782,0.001763,0.001627,0.00162
1/16/20,0.008459,0.008422,0.009479,0.009443
1/17/20,0.003742,0.003722,0.002167,0.002153
1/21/20,-0.002617,-0.002635,-0.004783,-0.004807
1/22/20,0.000322,0.000287,-0.001169,-0.001194
1/23/20,0.00119,0.001121,0.0023,0.002264
1/24/20,-0.009072,-0.009099,-0.01073,-0.010786
1/27/20,-0.015637,-0.015637,-0.016037,-0.016037
1/28/20,0.010117,0.010098,0.008886,0.008844
1/29/20,-0.000904,-0.000925,-0.003525,-0.003561
1/30/20,0.003377,0.003226,0.002176,0.002
1/31/20,-0.017209,-0.017292,-0.01925,-0.019358
2/3/20,0.007296,0.007022,0.006261,0.005407
2/4/20,0.014994,0.01499,0.014684,0.014671
2/5/20,0.011113,0.011094,0.015394,0.015381
2/6/20,0.003467,0.003301,-0.000827,-0.000935
2/7/20,-0.005025,-0.005221,-0.008161,-0.008272
2/10/20,0.007484,0.007339,0.004199,0.004125
2/11/20,0.002015,0.001977,0.006165,0.00611
2/12/20,0.006558,0.006526,0.007149,0.007061
2/13/20,-0.001323,-0.001639,-0.001715,-0.002047
2/14/20,0.001932,0.001773,0.000612,0.000428
2/18/20,-0.002658,-0.00272,-0.003634,-0.003724
2/19/20,0.004782,0.004617,0.003626,0.00356
2/20/20,-0.003852,-0.0039,0.000086,-0.000048
2/21/20,-0.010591,-0.010626,-0.008999,-0.009112
2/24/20,-0.033359,-0.03348,-0.031205,-0.031267
2/25/20,-0.030269,-0.030289,-0.034182,-0.034219
2/26/20,-0.003772,-0.003779,-0.010829,-0.010852
2/27/20,-0.043781,-0.043973,-0.039631,-0.039883
2/28/20,-0.008242,-0.008407,-0.011439,-0.011682
3/2/20,0.045959,0.045934,0.037869,0.037797
3/3/20,-0.028014,-0.028047,-0.025578,-0.025687
3/4/20,0.04215,0.042092,0.037432,0.037357
3/5/20,-0.03363,-0.033837,-0.037775,-0.038014
3/6/20,-0.016819,-0.016852,-0.02128,-0.021378
3/9/20,-0.075275,-0.075376,-0.090032,-0.090245
3/10/20,0.049281,0.049253,0.049157,0.04905
3/11/20,-0.048751,-0.048817,-0.056952,-0.056965
3/12/20,-0.095036,-0.095239,-0.104583,-0.105029
3/13/20,0.093205,0.09287,0.08418,0.083827
3/16/20,-0.11897,-0.119008,-0.126864,-0.12696
3/17/20,0.060242,0.060195,0.049913,0.049754
3/18/20,-0.050477,-0.050483,-0.077413,-0.077431
3/19/20,0.00467,0.004561,0.021055,0.020993
3/20/20,-0.043187,-0.043348,-0.041231,-0.041318
3/23/20,-0.028576,-0.028579,-0.035576,-0.035617
3/24/20,0.092646,0.092545,0.117414,0.117279
3/25/20,0.010971,0.010967,0.031544,0.03153
3/26/20,0.062088,0.062042,0.060332,0.06027
3/27/20,-0.033559,-0.033561,-0.036711,-0.036736
3/30/20,0.03355,0.033381,0.021276,0.020934
3/31/20,-0.015948,-0.016046,-0.017209,-0.017359
4/1/20,-0.043645,-0.043651,-0.054269,-0.054326
4/2/20,0.022726,0.022564,0.013041,0.012913
4/3/20,-0.014551,-0.014679,-0.014673,-0.014697
4/6/20,0.070015,0.070005,0.082786,0.082764
4/7/20,-0.001665,-0.001677,0.012927,0.012913
4/8/20,0.033801,0.033551,0.046256,0.046141
4/9/20,0.014454,0.014328,0.026058,0.025984
4/13/20,-0.009366,-0.009386,-0.023941,-0.02395
4/14/20,0.030843,0.030725,0.023924,0.023856
4/15/20,-0.021556,-0.021615,-0.035625,-0.035683
4/16/20,0.00619,0.006184,-0.006471,-0.006488
4/17/20,0.026322,0.026283,0.044872,0.044842
4/20/20,-0.017771,-0.017773,-0.022523,-0.022529
4/21/20,-0.030447,-0.03047,-0.028327,-0.028356
4/22/20,0.022846,0.022818,0.018489,0.018473
4/23/20,-0.000388,-0.000469,0.00424,0.004227
4/24/20,0.013758,0.013737,0.013927,0.01381
4/27/20,0.014428,0.014411,0.028531,0.0285
4/28/20,-0.005305,-0.005312,0.013825,0.01379
4/29/20,0.026208,0.026168,0.033551,0.03346
4/30/20,-0.008936,-0.008969,-0.024609,-0.024709
5/1/20,-0.027987,-0.028094,-0.035072,-0.035185
5/4/20,0.004454,0.004449,0.001008,0.000999
5/5/20,0.009042,0.009042,0.004372,0.004372
5/6/20,-0.006842,-0.006916,-0.014281,-0.01433
5/7/20,0.01207,0.011688,0.017342,0.017081
5/8/20,0.017096,0.016904,0.027897,0.027661
5/11/20,0.000148,0.00014,-0.011579,-0.011597
5/12/20,-0.020425,-0.020587,-0.026156,-0.026233
5/13/20,-0.017138,-0.017206,-0.02909,-0.029216
5/14/20,0.011669,0.011461,0.015212,0.01492
5/15/20,0.00427,0.004165,0.001507,0.001367
5/18/20,0.031482,0.03137,0.055191,0.055082
5/19/20,-0.010403,-0.010493,-0.014193,-0.014351
5/20/20,0.016702,0.016523,0.01886,0.018776
5/21/20,-0.007929,-0.007995,-0.00425,-0.004349
5/22/20,0.002457,0.002293,0.001097,0.000935
5/26/20,0.012164,0.012146,0.032618,0.032564
5/27/20,0.014605,0.014587,0.025094,0.025039
5/28/20,-0.001863,-0.001984,-0.008671,-0.008901
5/29/20,0.004922,0.00476,-0.001724,-0.002018
6/1/20,0.003979,0.003935,0.01152,0.011459
6/2/20,0.008075,0.008046,0.012226,0.012184
6/3/20,0.013602,0.013505,0.027448,0.027397
6/4/20,-0.003255,-0.003471,0.004514,0.004325
6/5/20,0.025805,0.025789,0.034703,0.034664
6/8/20,0.012263,0.012245,0.022985,0.02296
6/9/20,-0.007465,-0.007532,-0.023647,-0.02378
6/10/20,-0.005108,-0.005113,-0.022011,-0.022024
6/11/20,-0.058263,-0.058375,-0.067898,-0.068067
6/12/20,0.013059,0.012761,0.020503,0.020078
6/15/20,0.008464,0.008428,0.010435,0.010381
6/16/20,0.018946,0.01893,0.020181,0.020125
6/17/20,-0.003646,-0.003646,-0.010039,-0.010039
6/18/20,0.000805,0.000772,-0.000708,-0.000745
6/19/20,-0.005284,-0.005465,-0.010063,-0.01019
6/22/20,0.006543,0.006542,0.001546,0.001542
6/23/20,0.004316,0.004309,0.001516,0.001491
6/24/20,-0.025571,-0.025574,-0.033685,-0.033697
6/25/20,0.010927,0.010876,0.010619,0.01054
6/26/20,-0.024285,-0.024296,-0.02112,-0.021136
6/29/20,0.01474,0.014615,0.021081,0.020814
6/30/20,0.015346,0.015266,0.013917,0.013804
7/1/20,0.005266,0.005233,-0.002502,-0.002542
7/2/20,0.004715,0.004506,0.0063,0.006216
7/6/20,0.01607,0.016064,0.011553,0.011547
7/7/20,-0.010446,-0.010451,-0.017105,-0.017117
7/8/20,0.007812,0.007797,0.003033,0.003031
7/9/20,-0.00493,-0.005201,-0.017001,-0.017187
7/10/20,0.0106,0.010596,0.017608,0.017598
7/13/20,-0.00953,-0.00953,-0.003638,-0.003638
7/14/20,0.013302,0.013163,0.016041,0.015944
7/15/20,0.008938,0.008918,0.024506,0.024493
7/16/20,-0.003355,-0.003384,-0.0018,-0.001842
7/17/20,0.002691,0.002641,0.002633,0.002587
7/20/20,0.008785,0.008785,-0.005695,-0.005695
7/21/20,0.001624,0.001609,0.011261,0.01125
7/22/20,0.005591,0.005568,0.007036,0.00702
7/23/20,-0.012421,-0.012492,-0.001577,-0.001603
7/24/20,-0.006038,-0.006059,-0.007295,-0.007333
7/27/20,0.007415,0.00741,0.0041,0.004089
7/28/20,-0.006553,-0.006565,-0.006121,-0.006162
7/29/20,0.012316,0.012315,0.01689,0.016886
7/30/20,-0.003576,-0.003731,-0.008238,-0.008387
7/31/20,0.007894,0.007786,-0.001823,-0.002096
8/3/20,0.006842,0.006809,0.003056,0.002986
8/4/20,0.003775,0.003774,0.005229,0.005227
8/5/20,0.006357,0.006357,0.008068,0.008068
8/6/20,0.006495,0.006383,-0.000275,-0.000386
8/7/20,0.000845,0.00064,0.010043,0.009905
8/10/20,0.002842,0.002829,0.012048,0.012006
8/11/20,-0.00802,-0.008025,-0.001109,-0.001122
8/12/20,0.014106,0.013963,0.006204,0.006094
8/13/20,-0.001655,-0.001928,-0.00484,-0.005237
8/14/20,-0.000052,-0.000123,0.00245,0.002345
8/17/20,0.002937,0.002915,-0.000615,-0.000664
8/18/20,0.002708,0.002553,-0.004855,-0.005017
8/19/20,-0.004358,-0.004516,-0.004294,-0.004386
8/20/20,0.003108,0.003077,-0.005747,-0.005813
8/21/20,0.003508,0.003448,-0.001497,-0.001554
8/24/20,0.01011,0.009998,0.016914,0.016842
8/25/20,0.003522,0.003512,0.000042,0.000028
8/26/20,0.010173,0.010166,-0.001863,-0.001888
8/27/20,0.001848,0.001778,0.005959,0.005832
8/28/20,0.006933,0.006833,0.00872,0.008518
8/31/20,-0.002009,-0.002127,-0.008278,-0.00852
9/1/20,0.007952,0.007933,0.003248,0.003171
9/2/20,0.015351,0.015251,0.018473,0.018419
9/3/20,-0.034955,-0.03514,-0.022344,-0.022517
9/4/20,-0.008178,-0.008178,-0.00195,-0.00195
9/8/20,-0.027921,-0.027962,-0.021247,-0.021342
9/9/20,0.020237,0.020183,0.012548,0.012447
9/10/20,-0.017577,-0.017626,-0.014947,-0.015066
9/11/20,0.000399,0.000354,0.004344,0.004303
9/14/20,0.012983,0.01267,0.017203,0.016801
9/15/20,0.005349,0.005333,0.000968,0.000895
9/16/20,-0.004753,-0.004788,0.007356,0.00728
9/17/20,-0.008466,-0.008481,-0.004718,-0.004755
9/18/20,-0.01134,-0.011355,-0.011585,-0.011641
9/21/20,-0.011257,-0.011305,-0.025234,-0.025278
9/22/20,0.01082,0.010814,0.005121,0.005094
9/23/20,-0.023827,-0.023895,-0.021753,-0.021797
9/24/20,0.003153,0.003103,0.001691,0.001628
9/25/20,0.016035,0.016003,0.013323,0.013296
9/28/20,0.016099,0.016099,0.018951,0.018951
9/29/20,-0.004733,-0.00486,-0.007951,-0.008234
9/30/20,0.008263,0.008227,0.006225,0.006129
10/1/20,0.005692,0.005589,0.002666,0.00259
10/2/20,-0.00976,-0.009764,0.004623,0.004612
10/5/20,0.01806,0.017956,0.018323,0.018285
10/6/20,-0.014074,-0.014112,-0.010256,-0.010268
10/7/20,0.017389,0.017361,0.017865,0.017842
10/8/20,0.008262,0.007963,0.014455,0.014233
10/9/20,0.008996,0.008977,0.001569,0.001562
10/12/20,0.016701,0.016701,0.007257,0.007257
10/13/20,-0.00613,-0.00613,-0.010283,-0.010283
10/14/20,-0.006746,-0.006841,-0.002317,-0.002372
10/15/20,-0.001529,-0.001555,0.00394,0.003893
10/16/20,-0.000083,-0.000102,-0.00092,-0.000954
10/19/20,-0.016384,-0.016384,-0.013509,-0.013509
10/20/20,0.004811,0.004793,0.006258,0.006248
10/21/20,-0.002255,-0.002277,-0.003453,-0.003475
10/22/20,0.005249,0.005169,0.012922,0.012893
10/23/20,0.003499,0.00348,0.005086,0.005074
10/26/20,-0.018394,-0.018401,-0.023021,-0.023043
10/27/20,-0.002814,-0.002829,-0.01212,-0.012164
10/28/20,-0.035198,-0.035199,-0.031835,-0.031838
10/29/20,0.011972,0.01189,0.011,0.010855
10/30/20,-0.012228,-0.012335,-0.00227,-0.002546
11/2/20,0.012177,0.012163,0.022876,0.022852
11/3/20,0.017793,0.017784,0.020224,0.020164
11/4/20,0.022218,0.022216,0.000999,0.000994
11/5/20,0.019562,0.01945,0.019544,0.019403
11/6/20,-0.000014,-0.000144,-0.004363,-0.004445
11/9/20,0.011808,0.01172,0.046527,0.046401
11/10/20,-0.00143,-0.001589,0.007107,0.006929
11/11/20,0.0079,0.0079,-0.001292,-0.001292
11/12/20,-0.009679,-0.009881,-0.015831,-0.016018
11/13/20,0.013753,0.013664,0.022877,0.022742
11/16/20,0.011511,0.011497,0.020348,0.020313
11/17/20,-0.004613,-0.00475,-0.002688,-0.002837
11/18/20,-0.011277,-0.011454,-0.011165,-0.011259
11/19/20,0.004214,0.00415,0.004893,0.00477
11/20/20,-0.00683,-0.006839,-0.005536,-0.005589
11/23/20,0.005592,0.005483,0.014566,0.014496
11/24/20,0.016071,0.016057,0.02038,0.020346
11/25/20,-0.00139,-0.001432,-0.006235,-0.006297
11/27/20,0.002563,0.002464,-0.000052,-0.000264
11/30/20,-0.004343,-0.004503,-0.010302,-0.010531
12/1/20,0.01134,0.011161,0.009884,0.009741
12/2/20,0.001739,0.001647,0.002299,0.002263
12/3/20,-0.00047,-0.000657,0.004897,0.004718
12/4/20,0.008764,0.008707,0.015328,0.015308
12/7/20,-0.001935,-0.001937,-0.005045,-0.00505
12/8/20,0.002839,0.002814,0.002905,0.00283
12/9/20,-0.008042,-0.00809,-0.002846,-0.002932
12/10/20,-0.001213,-0.001306,-0.000455,-0.000556
12/11/20,-0.001222,-0.001245,-0.004802,-0.004838
12/14/20,-0.004099,-0.00428,-0.006786,-0.007152
12/15/20,0.012959,0.012945,0.015828,0.01577
12/16/20,0.001945,0.001943,-0.002092,-0.002094
12/17/20,0.005728,0.005682,0.0069,0.00682
12/18/20,-0.003363,-0.003434,-0.003296,-0.003397
12/21/20,-0.004027,-0.004057,-0.00727,-0.007293
12/22/20,-0.001989,-0.002061,-0.00418,-0.004248
12/23/20,0.000729,0.000714,0.006381,0.006336
12/24/20,0.003623,0.00352,0.002365,0.002262
12/28/20,0.008919,0.008919,0.002918,0.002918
12/29/20,-0.002235,-0.002235,-0.004992,-0.004992
12/30/20,0.001484,0.001373,0.006731,0.006487
12/31/20,0.006377,0.006299,0.007515,0.007359
1/4/21,-0.014456,-0.014508,-0.015334,-0.015364
1/5/21,0.007089,0.006972,0.009929,0.009905
1/6/21,0.005644,0.005622,0.023095,0.023088
1/7/21,0.015175,0.014964,0.009767,0.009568
1/8/21,0.005929,0.005805,0.00166,0.001577
1/11/21,-0.006926,-0.006926,-0.001117,-0.001117
1/12/21,0.000608,0.000608,0.007556,0.007556
1/13/21,0.002202,0.002184,-0.002918,-0.00293
1/14/21,-0.003836,-0.003948,0.003541,0.003467
1/15/21,-0.007237,-0.007251,-0.007259,-0.007273
1/19/21,0.008116,0.008079,0.004903,0.004873
1/20/21,0.014159,0.014158,0.006776,0.006765
1/21/21,0.000446,0.000367,-0.005201,-0.005237
1/22/21,-0.002842,-0.002853,-0.004077,-0.004088
1/25/21,0.003733,0.003733,-0.00087,-0.00087
1/26/21,-0.001275,-0.00128,-0.0045,-0.004511
1/27/21,-0.025727,-0.025728,-0.023345,-0.023347
1/28/21,0.009418,0.009316,0.011289,0.011161
1/29/21,-0.019383,-0.019512,-0.017966,-0.018212
2/1/21,0.016284,0.016281,0.013115,0.013101
2/2/21,0.014103,0.014093,0.013015,0.012982
2/3/21,0.000777,0.000777,0.003043,0.003043
2/4/21,0.010978,0.010879,0.012488,0.012379
2/5/21,0.004043,0.003937,0.005635,0.005617
2/8/21,0.00728,0.007258,0.011254,0.011181
2/9/21,-0.001149,-0.001313,-0.00015,-0.00024
2/10/21,-0.000697,-0.00072,0.003325,0.003275
2/11/21,0.001754,0.001553,0.00037,0.000153
2/12/21,0.004764,0.004717,0.005724,0.005616
2/16/21,-0.000602,-0.000721,0.000463,0.000343
2/17/21,-0.000055,-0.000211,-0.000271,-0.000353
2/18/21,-0.00463,-0.004667,-0.005071,-0.005153
2/19/21,-0.001924,-0.00198,0.007454,0.007331
2/22/21,-0.007937,-0.008016,0.00119,0.001165
2/23/21,0.001221,0.001201,0.003046,0.003005
2/24/21,0.011304,0.011292,0.014453,0.01443
2/25/21,-0.024413,-0.024547,-0.022618,-0.022795
2/26/21,-0.004621,-0.004737,-0.006351,-0.006558
3/1/21,0.023849,0.023823,0.022338,0.022288
3/2/21,-0.008142,-0.008146,-0.004296,-0.004311
3/3/21,-0.013228,-0.013279,-0.005798,-0.005875
3/4/21,-0.013168,-0.01334,-0.014152,-0.014313
3/5/21,0.019351,0.019305,0.023326,0.023208
3/8/21,-0.005542,-0.005553,0.005851,0.005826
3/9/21,0.014698,0.014608,0.002913,0.002721
3/10/21,0.006106,0.006053,0.010216,0.0102
3/11/21,0.010424,0.01035,0.006954,0.006815
3/12/21,0.001315,0.001071,0.006945,0.00661
3/15/21,0.006507,0.006461,0.0095,0.009419
3/16/21,-0.001675,-0.001702,-0.00858,-0.008666
3/17/21,0.002983,0.002974,0.004535,0.004504
3/18/21,-0.015014,-0.015083,-0.009445,-0.009477
3/19/21,-0.000361,-0.000464,-0.000896,-0.000947
3/22/21,0.007043,0.007041,0.001258,0.001253
3/23/21,-0.007555,-0.007559,-0.014791,-0.014808
3/24/21,-0.005638,-0.005694,-0.001919,-0.00197
3/25/21,0.00537,0.005336,0.012016,0.011989
3/26/21,0.016138,0.01613,0.017491,0.017471
3/29/21,-0.000798,-0.000798,-0.005308,-0.005308
3/30/21,-0.002865,-0.002971,0.001993,0.001792
3/31/21,0.003844,0.003765,-0.000814,-0.000922
4/1/21,0.011758,0.011755,0.01093,0.010924
4/5/21,0.014844,0.014716,0.009502,0.009462
4/6/21,-0.000815,-0.000858,0.001064,0.001036
4/7/21,0.0014,0.001372,-0.003328,-0.003351
4/8/21,0.004571,0.004345,0.001357,0.001208
4/9/21,0.007657,0.007645,0.005903,0.005869
4/12/21,-0.000051,-0.000067,0.001546,0.001536
4/13/21,0.003534,0.003534,-0.001821,-0.001821
4/14/21,-0.004158,-0.004275,0.001622,0.001557
4/15/21,0.011068,0.011048,0.007696,0.007671
4/16/21,0.003581,0.003581,0.004207,0.004207
4/19/21,-0.005326,-0.005326,-0.004883,-0.004883
4/20/21,-0.006726,-0.006757,-0.007631,-0.007668
4/21/21,0.00931,0.00931,0.013686,0.013683
4/22/21,-0.009237,-0.009314,-0.006464,-0.006496
4/23/21,0.010961,0.010928,0.011098,0.011034
4/26/21,0.001814,0.001814,0.001882,0.001882
4/27/21,-0.000326,-0.000333,0.001545,0.001532
4/28/21,-0.00072,-0.000725,0.000082,0.000063
4/29/21,0.006769,0.006712,0.007131,0.007003
4/30/21,-0.00687,-0.006947,-0.007976,-0.008101
5/3/21,0.002564,0.002561,0.006078,0.006072
5/4/21,-0.006907,-0.006907,-0.001728,-0.001728
5/5/21,0.000718,0.000713,0.0028,0.002783
5/6/21,0.008241,0.008069,0.005058,0.004955
5/7/21,0.007419,0.007251,0.010615,0.010503
5/10/21,-0.010683,-0.010706,-0.004154,-0.004204
5/11/21,-0.008571,-0.008586,-0.011198,-0.011235
5/12/21,-0.021445,-0.021575,-0.022581,-0.022662
5/13/21,0.012223,0.012053,0.013884,0.013702
5/14/21,0.015167,0.015092,0.015666,0.015567
5/17/21,-0.002492,-0.002495,-0.00059,-0.000596
5/18/21,-0.0083,-0.008419,-0.008567,-0.00868
5/19/21,-0.00287,-0.003006,-0.005387,-0.00544
5/20/21,0.010717,0.010629,0.007353,0.007214
5/21/21,-0.000865,-0.000904,0.00121,0.001142
5/24/21,0.010082,0.009986,0.00623,0.006166
5/25/21,-0.002094,-0.002107,-0.004698,-0.004736
5/26/21,0.002033,0.002021,0.004376,0.004352
5/27/21,0.001228,0.001136,0.005323,0.005155
5/28/21,0.000802,0.000679,0.00085,0.000632
6/1/21,-0.000367,-0.000397,0.003908,0.003874
6/2/21,0.001474,0.001374,0.001149,0.00108
6/3/21,-0.003606,-0.003766,-0.001639,-0.00181
6/4/21,0.008929,0.008916,0.00491,0.004875
6/7/21,-0.000694,-0.000717,-0.002048,-0.002088
6/8/21,0.00036,0.00034,0.001627,0.001571
6/9/21,-0.001831,-0.00187,-0.004562,-0.004628
6/10/21,0.004762,0.004716,0.00124,0.001144
6/11/21,0.00197,0.001946,0.003543,0.0035
6/14/21,0.002089,0.001844,-0.003819,-0.004148
6/15/21,-0.002041,-0.002076,0.000543,0.000479
6/16/21,-0.005393,-0.005406,-0.006808,-0.006851
6/17/21,-0.00015,-0.000177,-0.010119,-0.010147
6/18/21,-0.012998,-0.013046,-0.016728,-0.016759
6/21/21,0.01394,0.013895,0.019539,0.019501
6/22/21,0.005163,0.005163,0.001438,0.001438
6/23/21,-0.000985,-0.000988,-0.001416,-0.001421
6/24/21,0.005864,0.00576,0.006583,0.006475
6/25/21,0.00325,0.003234,0.007355,0.007325
6/28/21,0.002246,0.002246,-0.004317,-0.004317
6/29/21,0.000272,0.000183,-0.000994,-0.001156
6/30/21,0.001445,0.001416,0.002504,0.002427
7/1/21,0.005164,0.005097,0.00709,0.007015
7/2/21,0.007751,0.007628,0.002398,0.002344
7/6/21,-0.001723,-0.001767,-0.008657,-0.0087
7/7/21,0.003334,0.003333,0.00203,0.002027
7/8/21,-0.008136,-0.008326,-0.01056,-0.010664
7/9/21,0.011143,0.011129,0.016336,0.016288
7/12/21,0.00352,0.00352,0.002671,0.002671
7/13/21,-0.003597,-0.0036,-0.009424,-0.00944
7/14/21,0.001294,0.001169,-0.001468,-0.001531
7/15/21,-0.003349,-0.003384,-0.002764,-0.002813
7/16/21,-0.007496,-0.007496,-0.008455,-0.008455
7/19/21,-0.015761,-0.015777,-0.018717,-0.018728
7/20/21,0.015235,0.015206,0.019868,0.019846
7/21/21,0.00814,0.008139,0.010819,0.010816
7/22/21,0.002072,0.001999,-0.003285,-0.003315
7/23/21,0.010027,0.009986,0.00808,0.008045
7/26/21,0.002546,0.002535,0.003618,0.003594
7/27/21,-0.004933,-0.004937,-0.002091,-0.002103
7/28/21,-0.000167,-0.000175,0.000321,0.000311
7/29/21,0.00439,0.004271,0.007431,0.007281
7/30/21,-0.00563,-0.005707,-0.002947,-0.003117
8/2/21,-0.001672,-0.001676,-0.001841,-0.001859
8/3/21,0.008247,0.008246,0.008091,0.008089
8/4/21,-0.004537,-0.004548,-0.009525,-0.009553
8/5/21,0.006142,0.006074,0.008082,0.008015
8/6/21,0.001615,0.001489,0.004912,0.00483
8/9/21,-0.000557,-0.000632,-0.002397,-0.002513
8/10/21,0.000976,0.000976,0.004942,0.004942
8/11/21,0.002297,0.002259,0.006879,0.006791
8/12/21,0.003263,0.002986,-0.000586,-0.000799
8/13/21,0.001551,0.001512,-0.000618,-0.000705
8/16/21,0.002374,0.002346,0.000016,-0.000006
8/17/21,-0.007015,-0.007075,-0.008093,-0.008217
8/18/21,-0.010471,-0.010652,-0.010381,-0.010439
8/19/21,0.001095,0.00103,-0.002828,-0.002943
8/20/21,0.008181,0.008133,0.007265,0.007196
8/23/21,0.008789,0.008703,0.00799,0.007942
8/24/21,0.001546,0.001542,0.004888,0.004865
8/25/21,0.002172,0.002159,0.005523,0.005508
8/26/21,-0.005823,-0.00586,-0.007632,-0.007692
8/27/21,0.008814,0.008779,0.011198,0.011101
8/30/21,0.004514,0.004454,-0.00222,-0.002331
8/31/21,-0.001075,-0.001196,0.000592,0.000349
9/1/21,0.000448,0.000384,0.000054,0.00003
9/2/21,0.002894,0.002735,0.006807,0.006622
9/3/21,-0.000222,-0.000246,-0.0037,-0.003737
9/7/21,-0.003154,-0.003183,-0.008587,-0.008655
9/8/21,-0.001246,-0.001279,-0.000698,-0.000766
9/9/21,-0.00452,-0.004601,-0.002572,-0.002733
9/10/21,-0.007797,-0.007845,-0.007144,-0.007205
9/13/21,0.002151,0.002142,0.004491,0.004471
9/14/21,-0.005603,-0.005848,-0.008024,-0.008386
9/15/21,0.008445,0.008418,0.00938,0.009308
9/16/21,-0.001413,-0.001442,-0.002097,-0.002148
9/17/21,-0.009047,-0.009052,-0.00805,-0.00807
9/20/21,-0.017067,-0.017073,-0.01543,-0.015452
9/21/21,-0.000723,-0.000767,-0.003443,-0.003491
9/22/21,0.009622,0.009622,0.011609,0.011609
9/23/21,0.012149,0.012112,0.014493,0.014439
9/24/21,0.001582,0.001567,0.00137,0.001341
9/27/21,-0.002696,-0.002716,0.002626,0.002612
9/28/21,-0.020262,-0.020312,-0.014916,-0.01494
9/29/21,0.001667,0.001565,0.001891,0.001705
9/30/21,-0.011857,-0.011924,-0.015954,-0.016065
10/1/21,0.011278,0.011272,0.012753,0.012734
10/4/21,-0.012921,-0.012978,-0.006699,-0.006755
10/5/21,0.010615,0.010503,0.007907,0.007874
10/6/21,0.004041,0.004036,0.000952,0.000933
10/7/21,0.008542,0.008318,0.008661,0.008506
10/8/21,-0.001875,-0.001899,-0.002639,-0.002654
10/11/21,-0.006783,-0.006783,-0.005869,-0.005869
10/12/21,-0.002256,-0.002256,0.000372,0.000372
10/13/21,0.003015,0.002992,0.001806,0.001749
10/14/21,0.017007,0.016899,0.017306,0.017231
10/15/21,0.007598,0.007595,0.003277,0.003266
10/18/21,0.003602,0.003602,0.000678,0.000678
10/19/21,0.007351,0.007337,0.005777,0.00577
10/20/21,0.003599,0.00359,0.007733,0.007721
10/21/21,0.003055,0.002985,0.001447,0.001413
10/22/21,-0.001036,-0.001051,0.002806,0.002795
10/25/21,0.005075,0.005071,0.001904,0.001894
10/26/21,0.001778,0.001774,-0.001901,-0.001915
10/27/21,-0.004915,-0.004931,-0.012968,-0.012982
10/28/21,0.009967,0.009912,0.01053,0.01046
10/29/21,0.002005,0.001895,-0.002102,-0.002314
11/1/21,0.002094,0.002085,0.008149,0.008116
11/2/21,0.003559,0.003557,0.003035,0.003028
11/3/21,0.00677,0.00677,0.006168,0.006168
11/4/21,0.004298,0.004172,-0.002357,-0.002456
11/5/21,0.003764,0.003663,0.007582,0.007521
11/8/21,0.000482,0.000471,0.0014,0.001368
11/9/21,-0.003828,-0.003898,-0.000098,-0.000221
11/10/21,-0.00783,-0.008046,-0.006033,-0.006216
11/11/21,0.000478,0.000478,0.002318,0.002318
11/12/21,0.007066,0.006969,0.004943,0.004757
11/15/21,0.000001,-0.000038,0.001718,0.001641
11/16/21,0.003885,0.003832,0.001296,0.001193
11/17/21,-0.002252,-0.002441,-0.005472,-0.005544
11/18/21,0.003638,0.003552,-0.003913,-0.004054
11/19/21,-0.001335,-0.001358,-0.006256,-0.006298
11/22/21,-0.003065,-0.003153,0.001748,0.001679
11/23/21,0.001467,0.001454,0.003624,0.003577
11/24/21,0.002341,0.002295,0.000242,0.000178
11/26/21,-0.022706,-0.02273,-0.025009,-0.0251
11/29/21,0.013275,0.013212,0.007755,0.007602
11/30/21,-0.018746,-0.018878,-0.025783,-0.02599
12/1/21,-0.01212,-0.012202,-0.013524,-0.013555
12/2/21,0.014156,0.013998,0.024487,0.024312
12/3/21,-0.008539,-0.008584,-0.004549,-0.004563
12/6/21,0.011676,0.011643,0.015094,0.015032
12/7/21,0.020714,0.020701,0.016345,0.016313
12/8/21,0.003085,0.003057,0.00351,0.00343
12/9/21,-0.007242,-0.007377,-0.007407,-0.007623
12/10/21,0.009765,0.009755,0.005725,0.005712
12/13/21,-0.009225,-0.009248,-0.007336,-0.007365
12/14/21,-0.007209,-0.007379,-0.005629,-0.005922
12/15/21,0.016492,0.016473,0.011224,0.011169
12/16/21,-0.008979,-0.009019,-0.001301,-0.001418
12/17/21,-0.010215,-0.010268,-0.009311,-0.009393
12/20/21,-0.011578,-0.011587,-0.013976,-0.014001
12/21/21,0.01788,0.017807,0.020668,0.020616
12/22/21,0.010379,0.010279,0.007241,0.007143
12/23/21,0.006407,0.00639,0.00678,0.006764
12/27/21,0.013645,0.013611,0.01276,0.012717
12/28/21,-0.000978,-0.000978,0.0014,0.0014
12/29/21,0.001275,0.001272,0.002827,0.002826
12/30/21,-0.002951,-0.003045,-0.001511,-0.001697
12/31/21,-0.002604,-0.00265,0.000314,0.000195